Source	Target	Weight
Abirillu	Atar-quruma	0.9999999999999976
Abirillu	Aššur	0.0011685655857435
Adad	Šala	0.0324470482199188
Adad	Buru	0.0094637223974763
Adad	Erra	0.0089070328446836
Adad	Belet-ili	0.0082979015224249
Adad	Nergal	0.0079521556256572
Adad	Ištar	0.0064621292847874
Adad	Lumha	0.0042060988433228
Adad	Dunga	0.0042060988433228
Adad	Kippat-mati	0.0042060988433228
Adad	Adad	0.0028759366696852
Adad	Marduk	0.0025290723025985
Adad	Tišpak	0.0015772870662461
Adad	Ninŋirsuk	0.0015772870662461
Adad	Haya	0.0015772870662461
Adad	Sebettu	0.0015294904884810
Adad	Uraš	0.0014845054741139
Adad	Šeruʾa	0.0014195583596214
Adad	Kusu	0.0014020329477743
Adad	Ninurta	0.0012343985735839
Adad	Zababa	0.0011829652996845
Adad	Nabu	0.0011526328561029
Adad	Palil	0.0010515247108307
Adad	Tašmetu	0.0009858044164038
Adad	Zarpanitu	0.0007886435331230
Adad	Ea	0.0007189494534517
Adad	Nusku	0.0006729758149317
Adad	Šamaš	0.0005950880942911
Adad	Sin	0.0004605964826805
Adad	Tiamat	0.0002628811777077
Adad	Gula	0.0001941276389226
Adad	Aššur	0.0001354725087573
Adad	Anzu	0.0001213297743266
Adad	Mullissu	0.0000985804416404
Adad	Bel	0.0000757097791798
Adad	Anu	0.0000551017315719
Amanki	Damgalnunak	0.1758241758241758
An	Anu	0.0063517268757443
An	Šamaš	0.0003499868754922
Anat-Baiti-ili	Kubaba	0.4444444444444445
Annunitu	Gibil	0.1111111111111111
Annunitu	Anu	0.0029112081513828
Annunitu	Enlil	0.0017226528854436
Annunitu	Marduk	0.0006355258976803
Antu	Kippat-mati	0.0952380952380953
Antu	Šala	0.0816326530612245
Antu	Damkina	0.0317460317460317
Antu	Enlil	0.0118124769287560
Antu	Mullissu	0.0089285714285714
Antu	Belet-ili	0.0062111801242236
Antu	Gula	0.0043956043956044
Antu	Adad	0.0036052275799910
Antu	Ištar	0.0029861442904921
Antu	Ea	0.0013289036544850
Anu	Enlil	0.0740327003148170
Anu	Antu	0.0611353711790395
Anu	Asakku	0.0503467762650912
Anu	Ea	0.0375545851528384
Anu	Dagan	0.0314410480349344
Anu	Belet-ili	0.0114866147712170
Anu	Adad	0.0107999393880953
Anu	Anu	0.0100875269350317
Anu	Kippat-mati	0.0058224163027656
Anu	Šala	0.0049906425452277
Anu	Namtar	0.0049126637554585
Anu	Damkina	0.0043668122270742
Anu	Niššiku	0.0041099409195993
Anu	Nergal	0.0038437045123726
Anu	Ištar	0.0035343430065283
Anu	Anunnaki	0.0030567685589520
Anu	Igigi	0.0023463468682787
Anu	Haya	0.0021834061135371
Anu	Namma	0.0019408054342552
Anu	Šamaš	0.0018534785294896
Anu	Sin	0.0014990549436225
Anu	Ninmah	0.0009704027171276
Anu	Mullissu	0.0008528930131004
Anu	Gula	0.0006046355391334
Anu	Sebettu	0.0005293105729787
Anu	Ninurta	0.0005273927810476
Anu	Uraš	0.0005137426149499
Anu	Marduk	0.0005037028403012
Anu	Erra	0.0003424950766333
Anu	Nabu	0.0002165726711808
Anu	Anzu	0.0001679543164259
Anu	Bel	0.0001048034934498
Anu	Aššur	0.0000956794966493
Anunnaki	Anunnaki	0.0100000000000000
Anunnaki	An	0.0051948051948052
Anunnaki	Nusku	0.0047619047619048
Anunnaki	Anu	0.0039925140361822
Anunnaki	Nergal	0.0036458333333333
Anunnaki	Igigi	0.0019189765458422
Anunnaki	Enlil	0.0018087855297158
Anunnaki	Ea	0.0005980066445183
Anunnaki	Bel	0.0001523809523810
Anzu	Duranki	0.0649038461538460
Anzu	Anzu	0.0489090236686391
Anzu	Šarur	0.0050904977375565
Anzu	Ninurta	0.0037625418060201
Anzu	Niššiku	0.0022624434389140
Anzu	Dagan	0.0019230769230769
Anzu	Igigi	0.0005740528128588
Anzu	Ea	0.0004025044722719
Anšar	Tiamat	0.0064102564102564
Anšar	Asalluhi	0.0051282051282051
Asakku	Asakku	0.7785467128027687
Asakku	Anu	0.0657590547135885
Asakku	Marduk	0.0005046823305108
Asalluhi	Panunanki	0.0520833333333334
Asalluhi	Kugsud	0.0166666666666667
Asalluhi	Tutu	0.0111111111111111
Asalluhi	Manungal	0.0111111111111111
Asalluhi	Enki	0.0078616352201258
Asalluhi	Kusu	0.0074074074074074
Asalluhi	Asalluhi	0.0069444444444445
Asalluhi	Marduk	0.0022878932316492
Asalluhi	Sebettu	0.0020202020202020
Asalluhi	Belet-ili	0.0014492753623188
Asalluhi	Ea	0.0006976744186046
Asalluhi	Enlil	0.0003875968992248
Asalluhi	Anu	0.0002911208151383
Asalluhi	Šamaš	0.0000641642605069
Asaralimnuna	Ea	0.0046511627906977
Asaralimnuna	Anu	0.0043668122270742
Asaralimnuna	Enlil	0.0025839793281654
Asaralimnuna	Marduk	0.0009532888465205
Asari	Tutu	0.0606060606060606
Asari	Asalluhi	0.0060606060606061
Asari	Marduk	0.0021665655602739
Atar-quruma	Aššur	0.0011685655857435
Atar-samayin	Daya	0.9999999999999976
Atar-samayin	Nuhaya	0.9999999999999976
Atar-samayin	Ruldawu	0.9999999999999976
Atar-samayin	Abirillu	0.9999999999999976
Atar-samayin	Atar-quruma	0.9999999999999976
Aya	Kippat-mati	0.2999999999999990
Aya	Šala	0.1785714285714288
Aya	Antu	0.1142857142857142
Aya	Belet-ili	0.0086956521739130
Aya	Adad	0.0078864353312303
Aya	Anu	0.0069868995633188
Aya	Zarpanitu	0.0040000000000000
Aya	Ištar	0.0015050167224080
Aya	Enlil	0.0010335917312662
Aššur	Ištar	0.0598020277934922
Aššur	Šamaš	0.0371995252632015
Aššur	Bel	0.0325422144317851
Aššur	Nabu	0.0247394678295550
Aššur	Mullissu	0.0246494303242770
Aššur	Nergal	0.0123429739994157
Aššur	Sin	0.0097601009167477
Aššur	Adad	0.0066381529291092
Aššur	Enlil	0.0061236460152140
Aššur	Marduk	0.0058951850140654
Aššur	Anu	0.0058211405761437
Aššur	Aššur	0.0054198502013625
Aššur	Tašmetu	0.0048312883435583
Aššur	Šeruʾa	0.0043821209465381
Aššur	Zarpanitu	0.0042418930762489
Aššur	Ninurta	0.0020492237083328
Aššur	Antu	0.0015650431951922
Aššur	Tiamat	0.0014789658194566
Aššur	Aya	0.0014022787028922
Aššur	Belet-ili	0.0012193727851237
Aššur	Igigi	0.0008371813151595
Aššur	Dagan	0.0007011393514461
Aššur	Palil	0.0006573181419807
Aššur	Ningal	0.0006506785647890
Aššur	Anunnaki	0.0004507324402153
Aššur	Ea	0.0004076391578175
Aššur	Gula	0.0003370862266568
Aššur	Uraš	0.0001031087281538
Aššur	Nusku	0.0000467426234297
Baba	Ninŋirsuk	0.0294117647058824
Baba	Nergal	0.0027573529411765
Baiti-ili	Anat-Baiti-ili	0.9999999999999976
Baiti-ili	Kubaba	0.4444444444444445
Bel	Nabu	0.1796599190283401
Bel	Ištar	0.0510546265328874
Bel	Beltiya	0.0348444444444445
Bel	Nergal	0.0160555555555556
Bel	Zarpanitu	0.0129066666666667
Bel	Tašmetu	0.0096333333333333
Bel	Laṣ	0.0028985507246377
Bel	Belet-Babili	0.0026666666666667
Bel	Belet-balaṭi	0.0020000000000000
Bel	Šamaš	0.0016041065126724
Bel	Belet	0.0012000000000000
Bel	Bel	0.0007111111111111
Bel	Marduk	0.0003660629170639
Bel	Nanaya	0.0002222222222222
Bel	Sin	0.0002093878433917
Bel	Ea	0.0001984496124031
Bel	Mullissu	0.0001875000000000
Bel	Nusku	0.0001422222222222
Bel	Ninurta	0.0001159420289855
Bel	Adad	0.0000336487907466
Bel	Enlil	0.0000275624461671
Belet	Nanaya	0.0093750000000000
Belet	Tašmetu	0.0056250000000000
Belet	Ištar	0.0040969899665552
Belet	Nabu	0.0004554655870445
Belet-Babili	Madanu	0.0769230769230769
Belet-Babili	Ea	0.0046511627906977
Belet-Babili	Ištar	0.0016722408026756
Belet-ili	Lumha	0.0652173913043476
Belet-ili	Dunga	0.0652173913043476
Belet-ili	Egalkiba	0.0652173913043476
Belet-ili	Kusu	0.0603864734299518
Belet-ili	Haya	0.0434782608695652
Belet-ili	Kakka	0.0130434782608695
Belet-ili	Ištar	0.0017812999854588
Belet-ili	Aššur	0.0001714742979080
Beltiya	Belet-Babili	0.0666666666666666
Beltiya	Tašmetu	0.0075000000000000
Beltiya	Ištar	0.0017837235228540
Beltiya	Nabu	0.0006072874493927
Birdu	Birdu	0.3906250000000006
Birdu	Ninurta	0.0054347826086956
Birdu	Enlil	0.0012919896640827
Dagan	Niššiku	0.0264705882352940
Dagan	Igigi	0.0029850746268657
Damgalnunak	Panunanki	0.3461538461538464
Damgalnunak	Asalluhi	0.1038461538461537
Damgalnunak	Damkina	0.0341880341880342
Damgalnunak	Enki	0.0130624092888243
Damkina	Šala	0.0317460317460317
Damkina	Adad	0.0014020329477743
Damkina	Marduk	0.0004236839317869
Damkina	Sin	0.0002884130074266
Damu	Damu	0.1111111111111111
Daya	Nuhaya	0.9999999999999976
Daya	Ruldawu	0.9999999999999976
Daya	Abirillu	0.9999999999999976
Daya	Atar-quruma	0.9999999999999976
Dikudmah	Anunnaki	0.0190476190476191
Dimme	Dimmea	0.9999999999999976
Dimme	Lamaštu	0.5999999999999980
Dimmea	Lamaštu	0.5999999999999980
Dunga	Egalkiba	0.9999999999999976
Duranki	Ea	0.0034883720930232
Duranki	Anzu	0.0032051282051282
Ea	Damkina	0.0330749354005168
Ea	Niššiku	0.0273597811217511
Ea	Asalluhi	0.0131007751937984
Ea	Enki	0.0087757788503730
Ea	Sebettu	0.0069062720225511
Ea	Belet-ili	0.0064711830131446
Ea	Ea	0.0062520281233099
Ea	Ištaran	0.0046511627906977
Ea	Asaralimnuna	0.0046511627906977
Ea	Nanše	0.0037209302325581
Ea	Madanu	0.0032200357781753
Ea	Ninki	0.0031007751937984
Ea	Adad	0.0028757978138068
Ea	Namtar	0.0023255813953488
Ea	Šamaš	0.0021666629361864
Ea	Namma	0.0020671834625323
Ea	Kusu	0.0020671834625323
Ea	Enbilulu	0.0018604651162791
Ea	Ninurta	0.0018200202224469
Ea	Sin	0.0017385267796508
Ea	An	0.0016913319238901
Ea	Anzu	0.0016100178890877
Ea	Nergal	0.0015503875968992
Ea	Nisaba	0.0014950166112957
Ea	Marduk	0.0014365841221983
Ea	Damgalnunak	0.0014311270125224
Ea	Šala	0.0013289036544850
Ea	Uraš	0.0012311901504788
Ea	Ninmah	0.0010335917312662
Ea	Nudimmud	0.0009302325581395
Ea	Šeruʾa	0.0009302325581395
Ea	Enlil	0.0007691845441981
Ea	Ištar	0.0006300070000778
Ea	Anu	0.0005077688636133
Ea	Nabu	0.0003012898973731
Ea	Nusku	0.0002480620155039
Ea	Zarpanitu	0.0001860465116279
Ea	Mullissu	0.0001453488372093
Ea	Aššur	0.0000163055663127
Enki	Ninki	0.3144654088050317
Enki	Damgalnunak	0.0711175616835996
Enki	Ea	0.0387011847301448
Enki	Enki	0.0355998576005696
Enki	Kugsud	0.0188679245283019
Enki	Asari	0.0154373927958833
Enki	Damkina	0.0083857442348008
Enki	Asalluhi	0.0050314465408805
Enki	Ninlil	0.0034305317324185
Enki	Šamaš	0.0000726387854795
Enkidu	Šamaš	0.0003499868754922
Enlil	Ea	0.0350459707950243
Enlil	Nusku	0.0198449612403100
Enlil	Ninurta	0.0161779575328615
Enlil	Enlil	0.0147493807129647
Enlil	Aššur	0.0117400077451440
Enlil	Birdu	0.0051679586563307
Enlil	Kippat-mati	0.0034453057708872
Enlil	Adad	0.0032605417390099
Enlil	Dagan	0.0032299741602067
Enlil	Damkina	0.0025839793281654
Enlil	Anunnaki	0.0023624953857512
Enlil	Anu	0.0019069541766810
Enlil	Ištar	0.0019055767286303
Enlil	Marduk	0.0017957301527479
Enlil	Šamaš	0.0016812031047544
Enlil	Šala	0.0016611295681063
Enlil	Mullissu	0.0016351744186046
Enlil	Nergal	0.0013458225667528
Enlil	Namma	0.0011484352569624
Enlil	Sin	0.0011335301919791
Enlil	Ninlil	0.0010570824524313
Enlil	Dumuzi	0.0010335917312662
Enlil	Kulla	0.0006459948320413
Enlil	Ninmah	0.0005742176284812
Enlil	Šeruʾa	0.0005167958656331
Enlil	Belet-ili	0.0005055611729019
Enlil	Nabu	0.0004419964640283
Enlil	Bel	0.0004409991386736
Enlil	Anzu	0.0003975352812562
Enlil	Igigi	0.0003471017007983
Enlil	Namtar	0.0003229974160207
Enlil	Sebettu	0.0003132096155352
Enlil	Uraš	0.0003039975680195
Enlil	Ningal	0.0001566048077676
Enlil	Zarpanitu	0.0001033591731266
Ereškigal	Ereškigal	0.0493827160493827
Ereškigal	Erra	0.0392156862745098
Ereškigal	Namtar	0.0069444444444444
Erra	Amurriqanu	0.0441176470588234
Erra	Erra	0.0246059207996924
Erra	Ereškigal	0.0174291938997821
Erra	Namtar	0.0055147058823529
Erra	Nanna	0.0046136101499423
Erra	Nergal	0.0025531045751634
Erra	Sin	0.0000508964130753
Gašanguedena	Amanki	0.1836734693877547
Gašanguedena	Enki	0.0107816711590297
Gašankatešasiga	Nanaya	0.0833333333333333
Gibil	Gibil	0.1111111111111111
Gibil	Anzu	0.0064102564102564
Gilgameš	Gilgameš	0.0399999999999999
Gilgameš	Enkidu	0.0242424242424242
Girra	Tiamat	0.0052083333333333
Girra	Ištar	0.0004180602006689
Gubara	Gašanguedena	1.0000000000000024
Gubara	Amanki	0.1836734693877547
Gubara	Enki	0.0107816711590297
Gula	Laṣ	0.0428093645484950
Gula	Baba	0.0144796380090498
Gula	Damu	0.0102564102564103
Gula	Nergal	0.0064903846153846
Gula	Asakku	0.0036199095022624
Gula	Gula	0.0021301775147929
Gula	Uraš	0.0018099547511312
Gula	Nanaya	0.0012820512820513
Gula	Nusku	0.0008205128205128
Gula	Ištar	0.0002315410342166
Gula	Aššur	0.0000539337962651
Gula	Sin	0.0000399341087206
Haya	Lumha	0.3749999999999986
Haya	Dunga	0.3749999999999986
Haya	Egalkiba	0.3749999999999986
Haya	Kusu	0.1249999999999997
Id	Namma	0.0888888888888889
Igigi	Anunnaki	0.1671641791044775
Igigi	Nusku	0.0049751243781095
Igigi	Igigi	0.0035642682111829
Igigi	Niššiku	0.0035118525021949
Igigi	Nergal	0.0027985074626866
Igigi	Enlil	0.0013884068031933
Igigi	Anu	0.0010428208303461
Igigi	Ea	0.0006247830614370
Igigi	Bel	0.0001592039800995
Inanak	Ištar	0.0046451133407655
Iškur	An	0.1022727272727269
Iškur	Adad	0.0035488958990536
Ištar	Ištar	0.0369822485207101
Ištar	Laṣ	0.0058891958702923
Ištar	Lumha	0.0050167224080267
Ištar	Dunga	0.0050167224080267
Ištar	Egalkiba	0.0050167224080267
Ištar	Baba	0.0048199881959473
Ištar	Gula	0.0037046565474659
Ištar	Belet-ili	0.0036353060927730
Ištar	Zababa	0.0025083612040134
Ištar	Ninurta	0.0023346743573587
Ištar	Gazbaba	0.0022296544035674
Ištar	Kidmuru	0.0021500238891543
Ištar	Haya	0.0018812709030100
Ištar	Sebettu	0.0018242626938279
Ištar	Nergal	0.0017070791527313
Ištar	Kusu	0.0016722408026756
Ištar	Šara	0.0011148272017837
Ištar	Annunitu	0.0011148272017837
Ištar	Kakka	0.0010033444816053
Ištar	Damkina	0.0007432181345225
Ištar	Nusku	0.0005574136008919
Ištar	Papsukkal	0.0004459308807135
Ištar	Aššur	0.0003297582652077
Ištar	Mullissu	0.0002090301003344
Ištar	Bel	0.0001605351170569
Ištar	Nanaya	0.0001393534002230
Ištar	Nabu	0.0001083232908616
Ištar	Adad	0.0000844033212707
Ištar	Ea	0.0000700007777864
Ištar	Marduk	0.0000573886262119
Ištar	Anu	0.0000292094463349
Išum	Ištar	0.0010033444816053
Kakka	Kakka	0.1599999999999999
Kakka	Lumha	0.0888888888888889
Kakka	Dunga	0.0888888888888889
Kakka	Egalkiba	0.0888888888888889
Kakka	Haya	0.0749999999999997
Kakka	Kusu	0.0666666666666665
Kakka	Ereškigal	0.0148148148148148
Kippat-mati	Ištar	0.0200668896321070
Kittu	Bunene	0.4444444444444445
Kugsud	Enlil	0.0058139534883721
Kulla	Sin	0.0003650227125243
Kusibanda	Ninagal	0.1000000000000000
Kusu	Lumha	0.3333333333333321
Kusu	Dunga	0.3333333333333321
Kusu	Egalkiba	0.3333333333333321
Laṣ	Išum	0.0260869565217391
Lugalbanda	Gilgameš	0.0444444444444445
Lugalira	Meslamtaea	0.3333333333333329
Lumha	Dunga	0.9999999999999976
Lumha	Egalkiba	0.9999999999999976
Mami	Niššiku	0.0756302521008401
Mami	Dagan	0.0642857142857141
Mami	Anu	0.0056144728633811
Mami	Enlil	0.0014765596160945
Manungal	Manungal	0.2499999999999994
Manzat	Manzat	0.0743801652892559
Manzat	Sin	0.0047784791457731
Manzat	Adad	0.0011471178663608
Marduk	Zarpanitu	0.0366444232602479
Marduk	Marduk	0.0133051496681664
Marduk	Ištar	0.0065295503601136
Marduk	Tašmetu	0.0047664442326025
Marduk	Nabu	0.0032458134409868
Marduk	Tutu	0.0025421035907213
Marduk	Ningal	0.0017476962186209
Marduk	Nergal	0.0016086749285033
Marduk	Asari	0.0013866019585753
Marduk	Šeruʾa	0.0011916110581506
Marduk	Igigi	0.0011524835308681
Marduk	Asalluhi	0.0010168414362885
Marduk	Bel	0.0010168414362885
Marduk	Uraš	0.0010093646610217
Marduk	Anunnaki	0.0008715783739616
Marduk	Nusku	0.0008134731490308
Marduk	Šazu	0.0007626310772164
Marduk	Sebettu	0.0007221885200913
Marduk	Annunitu	0.0006355258976803
Marduk	Sin	0.0006334638409065
Marduk	Anu	0.0005994480082924
Marduk	Enlil	0.0005542377014654
Marduk	Tišpak	0.0004766444232602
Marduk	Ninŋirsuk	0.0004766444232602
Marduk	Mullissu	0.0004766444232602
Marduk	Ninurta	0.0004605260128118
Marduk	Belet-parṣi	0.0004236839317869
Marduk	Enbilulu	0.0003813155386082
Marduk	Zababa	0.0003574833174452
Marduk	Papsukkal	0.0002542103590721
Marduk	Aššur	0.0002138842635489
Marduk	Ninmah	0.0002118419658934
Marduk	Šamaš	0.0002064388743668
Marduk	Belet-ili	0.0001865130351888
Marduk	Nanaya	0.0001787416587226
Marduk	Erra	0.0001682274435036
Marduk	Laṣ	0.0001657893646123
Marduk	Tiamat	0.0000794407372100
Marduk	Adad	0.0000751805084007
Marduk	Ea	0.0000709424257876
Marduk	Gula	0.0000586639290166
Martu	Gubara	0.5102040816326542
Martu	Gašanguedena	0.5102040816326542
Martu	Muluhursaŋa	0.1904761904761905
Martu	Amanki	0.0816326530612245
Martu	Enki	0.0107816711590297
Mullissu	Šeruʾa	0.0390625000000000
Mullissu	Aya	0.0195312500000000
Mullissu	Belet-Arbail	0.0100446428571428
Mullissu	Antu	0.0089285714285714
Mullissu	Ištar	0.0052257525083612
Mullissu	Ningal	0.0042613636363636
Mullissu	Belet-ili	0.0027173913043478
Mullissu	Šala	0.0022321428571429
Mullissu	Tašmetu	0.0015625000000000
Mullissu	Anu	0.0012281659388646
Mullissu	Gula	0.0010817307692308
Mullissu	Nusku	0.0009375000000000
Mullissu	Šamaš	0.0009098291626564
Mullissu	Zarpanitu	0.0007031250000000
Mullissu	Nanaya	0.0006510416666667
Mullissu	Ninurta	0.0006038647342995
Mullissu	Sin	0.0005069759896171
Mullissu	Adad	0.0003943217665615
Mullissu	Nabu	0.0003874620445344
Mullissu	Ea	0.0003270348837209
Mullissu	Marduk	0.0002681124880839
Mullissu	Aššur	0.0002464943032428
Mullissu	Bel	0.0000833333333333
Mullissu	Enlil	0.0000807493540052
Muluhursaŋa	Gubara	0.4285714285714276
Muluhursaŋa	Gašanguedena	0.4285714285714276
Muluhursaŋa	Amanki	0.1904761904761905
Muzebašeʾa	Uraš	0.1050420168067228
Nabu	Marduk	0.2908119550912182
Nabu	Ištar	0.0455228629845775
Nabu	Tašmetu	0.0342105263157895
Nabu	Nergal	0.0142543859649123
Nabu	Lisikutu	0.0032388663967611
Nabu	Nanaya	0.0025514507422402
Nabu	Uraš	0.0024112884020005
Nabu	Belet-balaṭi	0.0013495276653171
Nabu	Šamaš	0.0011261217380462
Nabu	Laṣ	0.0011001584228129
Nabu	Gula	0.0009965742759265
Nabu	Ningal	0.0009814746656852
Nabu	Ninurta	0.0008263412153572
Nabu	Ninegalak	0.0008097165991903
Nabu	Sin	0.0007152671775780
Nabu	Bel	0.0006909581646424
Nabu	Nusku	0.0006612685560054
Nabu	Nabu	0.0004958284843220
Nabu	Šeruʾa	0.0004554655870445
Nabu	Mullissu	0.0002846659919028
Nabu	Sebettu	0.0002760397497240
Nabu	Belet-ili	0.0001980285161063
Nabu	Zababa	0.0001686909581646
Nabu	Aššur	0.0001499146639605
Nabu	Adad	0.0000510862207691
Nabu	Anu	0.0000176794017290
Nabu	Enlil	0.0000104614547699
Namma	Nanše	0.5555555555555568
Namma	Asalluhi	0.0074074074074074
Namraṣit	Šamaš	0.0007699711260828
Namtar	Namtar	0.1181640625000000
Namtar	Asakku	0.0165441176470588
Namtar	Anu	0.0049126637554585
Namtar	Erra	0.0024509803921569
Namtar	Ea	0.0005813953488372
Namtar	Enlil	0.0003229974160207
Nanaya	Išhara	0.0374999999999999
Nanaya	Uṣur-amassu	0.0208333333333333
Nanaya	Laṣ	0.0036231884057971
Nanaya	Enki	0.0035377358490566
Nanaya	Nanaya	0.0017361111111111
Nanaya	Nergal	0.0004340277777778
Nanna	Enlil	0.0123119015047879
Nanna	Sin	0.0003435507882582
Nanše	Asalluhi	0.0133333333333333
Nergal	Laṣ	0.1096014492753623
Nergal	Ištar	0.0324083751393534
Nergal	Amurriqanu	0.0117187500000000
Nergal	Belet-ili	0.0072463768115942
Nergal	Nusku	0.0056250000000000
Nergal	Išum	0.0055555555555556
Nergal	Annunitu	0.0034722222222222
Nergal	Papsukkal	0.0031250000000000
Nergal	Šeruʾa	0.0023437500000000
Nergal	Madanu	0.0016025641025641
Nergal	Nanna	0.0012254901960784
Nergal	Sebettu	0.0006313131313131
Nergal	Nergal	0.0004340277777778
Nergal	Mullissu	0.0003662109375000
Nergal	Enlil	0.0003364556416882
Nergal	Anu	0.0002046943231441
Nergal	Ninurta	0.0001006441223833
Nergal	Šamaš	0.0000802053256336
Nergal	Marduk	0.0000446854146806
Nergal	Sin	0.0000304185593770
Nergal	Nabu	0.0000210863697706
Ningal	Aya	0.1227272727272725
Ningal	Kippat-mati	0.0454545454545454
Ningal	Šala	0.0389610389610389
Ningal	Antu	0.0173160173160173
Ningal	Nusku	0.0072727272727273
Ningal	Adad	0.0023420323104866
Ningal	Ningal	0.0020661157024793
Ningal	Šamaš	0.0014582786478840
Ningal	Anu	0.0010586211459574
Ningal	Zarpanitu	0.0006060606060606
Ningal	Sin	0.0003539614182054
Ningal	Ea	0.0002818886539817
Ningal	Enlil	0.0001566048077676
Ningal	Ištar	0.0001013479274349
Ningal	Nabu	0.0000613421666053
Ningal	Marduk	0.0000577750816073
Ninki	Ninki	0.1111111111111111
Ninki	Ninlil	0.0303030303030303
Ninlil	Enlil	0.0075170307728447
Ninlil	Nusku	0.0054545454545454
Ninlil	Ištar	0.0027363940407419
Ninlil	Anu	0.0007939658594680
Ninmah	Ninmah	0.3734567901234569
Ninmah	Zababa	0.0092592592592593
Ninmah	Ninurta	0.0010735373054214
Ninmah	Adad	0.0007010164738871
Ninmah	Bel	0.0005925925925926
Ninmah	Marduk	0.0002118419658934
Ninurta	Gula	0.0582683017465626
Ninurta	Nusku	0.0541706924315621
Ninurta	Laṣ	0.0170132325141776
Ninurta	Nergal	0.0144927536231884
Ninurta	Duranki	0.0064412238325282
Ninurta	Dagan	0.0060386473429952
Ninurta	Birdu	0.0054347826086956
Ninurta	Ninegalak	0.0038647342995169
Ninurta	Anzu	0.0037625418060201
Ninurta	Anunnaki	0.0033816425120773
Ninurta	Ninurta	0.0033606385213190
Ninurta	Zababa	0.0032206119162641
Ninurta	Tišpak	0.0024154589371981
Ninurta	Ninŋirsuk	0.0024154589371981
Ninurta	Igigi	0.0018025812964165
Ninurta	Enlil	0.0017975508369846
Ninurta	Anu	0.0017087526105943
Ninurta	Kakka	0.0012882447665056
Ninurta	Papsukkal	0.0012882447665056
Ninurta	Baba	0.0011366865586814
Ninurta	Ereškigal	0.0010735373054214
Ninurta	Ištar	0.0009774934160567
Ninurta	Aššur	0.0002074627308023
Ninurta	Ea	0.0002022244691608
Ninurta	Adad	0.0001371553970649
Ninurta	Marduk	0.0001151315032030
Ninurta	Sin	0.0000282143159439
Ninurta	Nabu	0.0000195583719611
Ninŋirsuk	Asari	0.0454545454545454
Ninŋirsuk	Uraš	0.0147058823529412
Ninŋirsuk	Marduk	0.0019065776930410
Nisaba	Nisaba	0.1836734693877549
Niššiku	Ninurta	0.0045467462347258
Niššiku	Ea	0.0024623803009576
Niššiku	Anzu	0.0022624434389140
Niššiku	Anu	0.0010274852298998
Nudimmud	Marduk	0.0007626310772164
Nuhaya	Ruldawu	0.9999999999999976
Nuhaya	Abirillu	0.9999999999999976
Nuhaya	Atar-quruma	0.9999999999999976
Nusku	Sadarnuna	0.0177777777777778
Nusku	Ninlil	0.0151515151515152
Nusku	Birdu	0.0150000000000000
Nusku	Uraš	0.0035294117647059
Nusku	Asakku	0.0031372549019608
Nusku	Nusku	0.0028444444444444
Nusku	Enlil	0.0027906976744186
Nusku	Šeruʾa	0.0026666666666667
Nusku	Sebettu	0.0016161616161616
Nusku	Belet-ili	0.0011594202898551
Nusku	Ištar	0.0010925306577481
Nusku	Nergal	0.0006250000000000
Nusku	Anu	0.0005240174672489
Nusku	Mullissu	0.0004166666666667
Nusku	Nabu	0.0001214574898785
Nusku	Šamaš	0.0000513314084055
Nusku	Marduk	0.0000508420718144
Nusku	Sin	0.0000346095608912
Palil	Meslamtaea	0.1111111111111111
Palil	Lugalira	0.0833333333333332
Palil	Ea	0.0015503875968992
Panunanki	Muzebašeʾa	0.8750000000000009
Panunanki	Uraš	0.0147058823529412
Papsukkal	Annunitu	0.0444444444444445
Papsukkal	Anu	0.0046579330422125
Papsukkal	Marduk	0.0005719733079123
Papsukkal	Ištar	0.0004459308807135
Qingu	Anu	0.0021834061135371
Ruldawu	Abirillu	0.9999999999999976
Ruldawu	Atar-quruma	0.9999999999999976
Ruldawu	Aššur	0.0011685655857435
Sebettu	Sebettu	0.0036730945821855
Sebettu	Anu	0.0005293105729787
Sebettu	Marduk	0.0001155501632146
Sin	Šamaš	0.1688839978040087
Sin	Ningal	0.0190352584901579
Sin	Sin	0.0178701897223248
Sin	Ištar	0.0172280953817505
Sin	Adad	0.0083849030802646
Sin	Nabu	0.0069681078851474
Sin	Nergal	0.0056815109236427
Sin	Aya	0.0052563270603504
Sin	Bel	0.0039870214146658
Sin	Manzat	0.0028906849153442
Sin	Marduk	0.0025338553636262
Sin	Šala	0.0016686752572541
Sin	Tašmetu	0.0015898767034393
Sin	Zarpanitu	0.0012719013627515
Sin	Belet-ili	0.0011426797957284
Sin	Nusku	0.0008652390222799
Sin	Antu	0.0007416334476685
Sin	Šulpae	0.0006489292667099
Sin	Belet-ṣeri	0.0006489292667099
Sin	Sebettu	0.0004916130808409
Sin	Uraš	0.0004771538725808
Sin	Kulla	0.0003650227125243
Sin	Šeruʾa	0.0002920181700195
Sin	Anu	0.0002833752256375
Sin	Ninurta	0.0002539288434952
Sin	Alu	0.0002359742788036
Sin	Papsukkal	0.0001730478044560
Sin	Ea	0.0001086579237282
Sin	Enlil	0.0001073164678797
Sin	Erra	0.0000508964130753
Sin	Mullissu	0.0000456278390655
Sin	Gula	0.0000399341087206
Sin	Aššur	0.0000090997969039
Suen	Ningal	0.0086580086580087
Suen	Enlil	0.0014765596160945
Suen	Sin	0.0008343376286270
Tašmetu	Ištar	0.0386496655518394
Tašmetu	Nanaya	0.0127604166666667
Tašmetu	Gula	0.0123076923076923
Tašmetu	Laṣ	0.0086956521739130
Tašmetu	Nergal	0.0052734375000000
Tašmetu	Ninurta	0.0048913043478261
Tašmetu	Tašmetu	0.0006250000000000
Tašmetu	Aššur	0.0000438212094654
Tiamat	Tiamat	0.0351562499999999
Tišpak	Ninŋirsuk	0.0625000000000000
Tišpak	Uraš	0.0147058823529412
Tišpak	Asalluhi	0.0083333333333333
Tišpak	Ninurta	0.0054347826086956
Tišpak	Marduk	0.0019065776930410
Tišpak	Nabu	0.0005060728744939
Tutu	Sebettu	0.0202020202020202
Uraš	Belet-ekalli	0.1225490196078434
Uraš	Ninegalak	0.0941176470588235
Uraš	Gašankatešasiga	0.0661764705882351
Uraš	Tutu	0.0196078431372549
Uraš	Šeruʾa	0.0132352941176470
Uraš	Asari	0.0106951871657754
Uraš	Belet-ili	0.0057544757033248
Uraš	Nergal	0.0038296568627451
Uraš	Nanaya	0.0024509803921569
Uraš	Mullissu	0.0020680147058823
Uraš	Asalluhi	0.0019607843137255
Uraš	Ištar	0.0007869368483179
Uraš	Marduk	0.0002523411652554
Utu	Utu	0.0100000000000000
Utu	Šamaš	0.0023580365736285
Zababa	Baba	0.1568627450980393
Zababa	Ninŋirsuk	0.0468749999999999
Zababa	Tišpak	0.0208333333333333
Zababa	Uraš	0.0196078431372549
Zababa	Madanu	0.0128205128205128
Zababa	Nusku	0.0050000000000000
Zababa	Nergal	0.0034722222222222
Zababa	Marduk	0.0001588814744201
Zarpanitu	Tašmetu	0.1124999999999999
Zarpanitu	Ištar	0.0204849498327760
Zarpanitu	Sadarnuna	0.0133333333333333
Zarpanitu	Nabu	0.0123987854251012
Zarpanitu	Nanaya	0.0075000000000000
Zarpanitu	Laṣ	0.0039130434782609
Zarpanitu	Gula	0.0024615384615385
Zarpanitu	Ninurta	0.0023671497584541
Zarpanitu	Asalluhi	0.0006666666666667
Zarpanitu	Nergal	0.0004687500000000
Zarpanitu	Bel	0.0001066666666667
Zarpanitu	Aššur	0.0000788781770377
Zarpanitu	Marduk	0.0000381315538608
Šala	Kippat-mati	0.0952380952380953
Šala	Ištar	0.0096751075011944
Šala	Belet-ili	0.0062111801242236
Šala	Gula	0.0043956043956044
Šala	Tašmetu	0.0035714285714286
Šala	Zarpanitu	0.0028571428571429
Šala	Ninurta	0.0013802622498275
Šala	Nabu	0.0002891844997108
Šala	Marduk	0.0002723682418630
Šamaš	Ištar	0.0362131068914346
Šamaš	Adad	0.0262597802424680
Šamaš	Nabu	0.0193671507561381
Šamaš	Bel	0.0164260506897658
Šamaš	Nergal	0.0106071543150465
Šamaš	Marduk	0.0099237460673394
Šamaš	Sin	0.0086965265733100
Šamaš	Aya	0.0077959576515880
Šamaš	Šamaš	0.0068511867763573
Šamaš	Tašmetu	0.0034769008662175
Šamaš	Zarpanitu	0.0031183830606352
Šamaš	Belet-ili	0.0030129304933674
Šamaš	Kippat-mati	0.0028873917228104
Šamaš	Šala	0.0024749071909803
Šamaš	Asalluhi	0.0012993262752647
Šamaš	Meslamtaea	0.0012832852101380
Šamaš	Antu	0.0010999587515468
Šamaš	Lugalira	0.0009624639076035
Šamaš	Kusu	0.0009624639076035
Šamaš	Utu	0.0007699711260828
Šamaš	Uraš	0.0007076940497084
Šamaš	Ninurta	0.0003766163116709
Šamaš	Palil	0.0003208213025345
Šamaš	Belet-balaṭi	0.0003208213025345
Šamaš	Anu	0.0002689855462298
Šamaš	Sebettu	0.0002624901566191
Šamaš	Išum	0.0002566570420276
Šamaš	Nusku	0.0002053256336221
Šamaš	Šeruʾa	0.0001924927815207
Šamaš	Enlil	0.0001218623552263
Šamaš	Mullissu	0.0001203079884504
Šamaš	Gula	0.0000592285481602
Šamaš	Anunnaki	0.0000549979375773
Šamaš	Aššur	0.0000539857055974
Šamaš	Ea	0.0000402891868299
Šara	Šara	0.2499999999999994
Šara	Anzu	0.0064102564102564
Šarur	Niššiku	0.0311418685121106
Šarur	Ea	0.0024623803009576
Šarur	Aššur	0.0008248698252307
Šeruʾa	Aya	0.0800000000000001
Šeruʾa	Antu	0.0571428571428572
Šeruʾa	Belet-ili	0.0391304347826087
Šeruʾa	Šala	0.0142857142857143
Šeruʾa	Kakka	0.0133333333333333
Šeruʾa	Ningal	0.0121212121212121
Šeruʾa	Ištar	0.0101170568561873
Šeruʾa	Anu	0.0054585152838428
Šeruʾa	Adad	0.0039432176656151
Šeruʾa	Šamaš	0.0012030798845043
Šeruʾa	Nergal	0.0010416666666667
Šeruʾa	Sin	0.0008111615833874
Šeruʾa	Enlil	0.0005167958656331